{
  "xs-app.json": 1744858324916,
  "Component.js": 1744855724006,
  "test/integration/pages/ProductList.js": 1744855724086,
  "test/integration/opaTests.qunit.js": 1744855724066,
  "test/integration/FirstJourney.js": 1744855724110,
  "test/testsuite.qunit.js": 1744855724054,
  "i18n/i18n.properties": 1744855737542,
  "manifest.json": 1744857891095,
  "test/integration/pages/ProductObjectPage.js": 1744855724086,
  "test/testsuite.qunit-dbg.js": 1744855724054,
  "test/testsuite.qunit.js.map": 1744858350656,
  "test/integration/pages/ProductList-dbg.js": 1744855724086,
  "test/integration/pages/ProductList.js.map": 1744858350658,
  "test/integration/opaTests.qunit-dbg.js": 1744855724066,
  "test/integration/opaTests.qunit.js.map": 1744858350658,
  "test/integration/FirstJourney-dbg.js": 1744855724110,
  "test/integration/FirstJourney.js.map": 1744858350658,
  "Component-dbg.js": 1744855724006,
  "Component.js.map": 1744858350658,
  "test/integration/pages/ProductObjectPage-dbg.js": 1744855724086,
  "test/integration/pages/ProductObjectPage.js.map": 1744858350660,
  "Component-preload.js": 1744858350753,
  "Component-preload.js.map": 1744858350753,
  "test/integration/opaTests.qunit.html": 1744855724066,
  "test/testsuite.qunit.html": 1744855724046,
  "test/flpSandbox.html": 1744855724046,
  "index.html": 1744855724010
}