{
  "Component.js": 1744855436991,
  "manifest.json": 1744857891095,
  "test/integration/pages/BusinessPartnerList.js": 1744855437015,
  "test/integration/opaTests.qunit.js": 1744855437011,
  "test/integration/FirstJourney.js": 1744855437019,
  "test/testsuite.qunit.js": 1744855437007,
  "xs-app.json": 1744858324916,
  "test/integration/pages/BusinessPartnerObjectPage.js": 1744855437015,
  "i18n/i18n.properties": 1744855466159,
  "test/integration/pages/BusinessPartnerList-dbg.js": 1744855437015,
  "test/integration/pages/BusinessPartnerList.js.map": 1744858342742,
  "test/integration/opaTests.qunit-dbg.js": 1744855437011,
  "test/integration/opaTests.qunit.js.map": 1744858342744,
  "test/integration/FirstJourney-dbg.js": 1744855437019,
  "test/integration/FirstJourney.js.map": 1744858342748,
  "test/testsuite.qunit-dbg.js": 1744855437007,
  "test/testsuite.qunit.js.map": 1744858342750,
  "test/integration/pages/BusinessPartnerObjectPage-dbg.js": 1744855437015,
  "test/integration/pages/BusinessPartnerObjectPage.js.map": 1744858342744,
  "Component-dbg.js": 1744855436991,
  "Component.js.map": 1744858342745,
  "Component-preload.js": 1744858342830,
  "Component-preload.js.map": 1744858342830,
  "test/integration/opaTests.qunit.html": 1744855437011,
  "test/testsuite.qunit.html": 1744855437003,
  "test/flpSandbox.html": 1744855437003,
  "index.html": 1744855436995
}