{
  "Component-dbg.js": 1744855902980,
  "test/integration/pages/PurchaseOrderItemsObjectPage.js": 1744855903100,
  "test/integration/pages/PurchaseOrderItemsList.js": 1744855903100,
  "test/integration/opaTests.qunit.js": 1744855903084,
  "test/integration/FirstJourney.js": 1744855903124,
  "test/testsuite.qunit.js": 1744855903068,
  "xs-app.json": 1744858324916,
  "manifest.json": 1744857891095,
  "Component.js": 1744855902980,
  "test/integration/opaTests.qunit-dbg.js": 1744855903084,
  "test/integration/opaTests.qunit.js.map": 1744858354734,
  "test/integration/pages/PurchaseOrderItemsList-dbg.js": 1744855903100,
  "test/integration/pages/PurchaseOrderItemsList.js.map": 1744858354749,
  "test/integration/pages/PurchaseOrderItemsObjectPage-dbg.js": 1744855903100,
  "test/integration/pages/PurchaseOrderItemsObjectPage.js.map": 1744858354748,
  "test/integration/FirstJourney-dbg.js": 1744855903124,
  "test/integration/FirstJourney.js.map": 1744858354750,
  "test/testsuite.qunit-dbg.js": 1744855903068,
  "test/testsuite.qunit.js.map": 1744858354737,
  "i18n/i18n.properties": 1744855925720,
  "Component.js.map": 1744858354740,
  "Component-preload.js": 1744858354859,
  "Component-preload.js.map": 1744858354859,
  "test/integration/opaTests.qunit.html": 1744855903084,
  "test/testsuite.qunit.html": 1744855903040,
  "test/flpSandbox.html": 1744855903040,
  "index.html": 1744855902980
}