{
  "test/integration/opaTests.qunit.js": 1744855662377,
  "test/testsuite.qunit.js": 1744855662373,
  "test/integration/pages/AddressList.js": 1744855662385,
  "i18n/i18n.properties": 1744855671889,
  "test/integration/FirstJourney.js": 1744855662397,
  "test/integration/pages/AddressObjectPage.js": 1744855662385,
  "xs-app.json": 1744858324916,
  "manifest.json": 1744857891095,
  "Component.js": 1744855662337,
  "Component-dbg.js": 1744855662337,
  "Component.js.map": 1744858338368,
  "test/integration/pages/AddressList-dbg.js": 1744855662385,
  "test/integration/pages/AddressList.js.map": 1744858338368,
  "test/integration/opaTests.qunit-dbg.js": 1744855662377,
  "test/integration/opaTests.qunit.js.map": 1744858338366,
  "test/integration/FirstJourney-dbg.js": 1744855662397,
  "test/integration/FirstJourney.js.map": 1744858338369,
  "test/integration/pages/AddressObjectPage-dbg.js": 1744855662385,
  "test/integration/pages/AddressObjectPage.js.map": 1744858338368,
  "test/testsuite.qunit-dbg.js": 1744855662373,
  "test/testsuite.qunit.js.map": 1744858338371,
  "Component-preload.js": 1744858338473,
  "Component-preload.js.map": 1744858338473,
  "test/integration/opaTests.qunit.html": 1744855662377,
  "test/testsuite.qunit.html": 1744855662365,
  "test/flpSandbox.html": 1744855662365,
  "index.html": 1744855662337
}