{
  "test/integration/pages/EmployeeList-dbg.js": 1744855990785,
  "test/integration/FirstJourney.js": 1744855990817,
  "test/integration/pages/EmployeeList.js": 1744855990785,
  "test/integration/opaTests.qunit.js": 1744855990713,
  "test/integration/pages/EmployeeObjectPage.js": 1744855990785,
  "test/testsuite.qunit.js": 1744855990653,
  "xs-app.json": 1744858324916,
  "manifest.json": 1744857891095,
  "Component.js": 1744855990365,
  "test/integration/FirstJourney-dbg.js": 1744855990817,
  "test/integration/FirstJourney.js.map": 1744858346753,
  "i18n/i18n.properties": 1744856023057,
  "test/integration/pages/EmployeeList.js.map": 1744858346759,
  "test/integration/opaTests.qunit-dbg.js": 1744855990713,
  "test/integration/opaTests.qunit.js.map": 1744858346753,
  "test/integration/pages/EmployeeObjectPage-dbg.js": 1744855990785,
  "test/integration/pages/EmployeeObjectPage.js.map": 1744858346755,
  "test/testsuite.qunit-dbg.js": 1744855990653,
  "test/testsuite.qunit.js.map": 1744858346756,
  "Component-dbg.js": 1744855990365,
  "Component.js.map": 1744858346755,
  "Component-preload.js": 1744858346922,
  "Component-preload.js.map": 1744858346922,
  "test/integration/opaTests.qunit.html": 1744855990713,
  "test/testsuite.qunit.html": 1744855990453,
  "test/flpSandbox.html": 1744855990453,
  "index.html": 1744855990369
}