{
  "xs-app.json": 1744858324916,
  "test/integration/opaTests.qunit.js": 1744855841891,
  "test/integration/pages/PurchaseOrderList.js": 1744855841919,
  "test/integration/pages/PurchaseOrderObjectPage.js": 1744855841919,
  "test/integration/FirstJourney.js": 1744855841939,
  "test/testsuite.qunit.js": 1744855841859,
  "i18n/i18n.properties": 1744855866828,
  "manifest.json": 1744857891095,
  "Component.js": 1744855841711,
  "test/integration/pages/PurchaseOrderObjectPage-dbg.js": 1744855841919,
  "test/integration/pages/PurchaseOrderObjectPage.js.map": 1744858358632,
  "test/integration/pages/PurchaseOrderList-dbg.js": 1744855841919,
  "test/integration/pages/PurchaseOrderList.js.map": 1744858358629,
  "test/integration/opaTests.qunit-dbg.js": 1744855841891,
  "test/integration/opaTests.qunit.js.map": 1744858358636,
  "test/integration/FirstJourney-dbg.js": 1744855841939,
  "test/integration/FirstJourney.js.map": 1744858358633,
  "test/testsuite.qunit-dbg.js": 1744855841859,
  "test/testsuite.qunit.js.map": 1744858358632,
  "Component-dbg.js": 1744855841711,
  "Component.js.map": 1744858358633,
  "Component-preload.js": 1744858358696,
  "Component-preload.js.map": 1744858358696,
  "test/integration/opaTests.qunit.html": 1744855841891,
  "test/testsuite.qunit.html": 1744855841787,
  "test/flpSandbox.html": 1744855841787,
  "index.html": 1744855841719
}